id,country,sector,sector_base_prob,country_multiplier,tariff_risk_prob,tariff_risk_pct
1,AFGHANISTAN,Aerospace,0.2174,1,0.2174,21.70%
2,AFGHANISTAN,Agriculture,0.5263,1,0.5263,52.60%
3,AFGHANISTAN,Automotive,0.262,1,0.262,26.20%
4,AFGHANISTAN,Energy,0.3861,1,0.3861,38.60%
5,AFGHANISTAN,Lumber,0.3205,1,0.3205,32.00%
6,AFGHANISTAN,Maritime,0.2481,1,0.2481,24.80%
7,AFGHANISTAN,Metals,0.3206,1,0.3206,32.10%
8,AFGHANISTAN,Minerals,0.3199,1,0.3199,32.00%
9,AFGHANISTAN,Pharmaceutical,0.3201,1,0.3201,32.00%
10,AFGHANISTAN,Semiconductor,0.3201,1,0.3201,32.00%
11,AFGHANISTAN,Steel & Aluminum,0.3208,1,0.3208,32.10%
12,ALGERIA,Aerospace,0.2174,1,0.2174,21.70%
13,ALGERIA,Agriculture,0.5263,1,0.5263,52.60%
14,ALGERIA,Automotive,0.262,1,0.262,26.20%
15,ALGERIA,Energy,0.3861,1,0.3861,38.60%
16,ALGERIA,Lumber,0.3205,1,0.3205,32.00%
17,ALGERIA,Maritime,0.2481,1,0.2481,24.80%
18,ALGERIA,Metals,0.3206,1,0.3206,32.10%
19,ALGERIA,Minerals,0.3199,1,0.3199,32.00%
20,ALGERIA,Pharmaceutical,0.3201,1,0.3201,32.00%
21,ALGERIA,Semiconductor,0.3201,1,0.3201,32.00%
22,ALGERIA,Steel & Aluminum,0.3208,1,0.3208,32.10%
23,ANGOLA,Aerospace,0.2174,1,0.2174,21.70%
24,ANGOLA,Agriculture,0.5263,1,0.5263,52.60%
25,ANGOLA,Automotive,0.262,1,0.262,26.20%
26,ANGOLA,Energy,0.3861,1,0.3861,38.60%
27,ANGOLA,Lumber,0.3205,1,0.3205,32.00%
28,ANGOLA,Maritime,0.2481,1,0.2481,24.80%
29,ANGOLA,Metals,0.3206,1,0.3206,32.10%
30,ANGOLA,Minerals,0.3199,1,0.3199,32.00%
31,ANGOLA,Pharmaceutical,0.3201,1,0.3201,32.00%
32,ANGOLA,Semiconductor,0.3201,1,0.3201,32.00%
33,ANGOLA,Steel & Aluminum,0.3208,1,0.3208,32.10%
34,ARGENTINA,Aerospace,0.2174,1,0.2174,21.70%
35,ARGENTINA,Agriculture,0.5263,1,0.5263,52.60%
36,ARGENTINA,Automotive,0.262,1,0.262,26.20%
37,ARGENTINA,Energy,0.3861,1,0.3861,38.60%
38,ARGENTINA,Lumber,0.3205,1,0.3205,32.00%
39,ARGENTINA,Maritime,0.2481,1,0.2481,24.80%
40,ARGENTINA,Metals,0.3206,1,0.3206,32.10%
41,ARGENTINA,Minerals,0.3199,1,0.3199,32.00%
42,ARGENTINA,Pharmaceutical,0.3201,1,0.3201,32.00%
43,ARGENTINA,Semiconductor,0.3201,1,0.3201,32.00%
44,ARGENTINA,Steel & Aluminum,0.3208,1,0.3208,32.10%
45,AUSTRALIA,Aerospace,0.2174,1,0.2174,21.70%
46,AUSTRALIA,Agriculture,0.5263,1,0.5263,52.60%
47,AUSTRALIA,Automotive,0.262,1,0.262,26.20%
48,AUSTRALIA,Energy,0.3861,1,0.3861,38.60%
49,AUSTRALIA,Lumber,0.3205,1,0.3205,32.00%
50,AUSTRALIA,Maritime,0.2481,1,0.2481,24.80%
51,AUSTRALIA,Metals,0.3206,1,0.3206,32.10%
52,AUSTRALIA,Minerals,0.3199,1,0.3199,32.00%
53,AUSTRALIA,Pharmaceutical,0.3201,1,0.3201,32.00%
54,AUSTRALIA,Semiconductor,0.3201,1,0.3201,32.00%
55,AUSTRALIA,Steel & Aluminum,0.3208,1,0.3208,32.10%
56,BANGLADESH,Aerospace,0.2174,1,0.2174,21.70%
57,BANGLADESH,Agriculture,0.5263,1,0.5263,52.60%
58,BANGLADESH,Automotive,0.262,1,0.262,26.20%
59,BANGLADESH,Energy,0.3861,1,0.3861,38.60%
60,BANGLADESH,Lumber,0.3205,1,0.3205,32.00%
61,BANGLADESH,Maritime,0.2481,1,0.2481,24.80%
62,BANGLADESH,Metals,0.3206,1,0.3206,32.10%
63,BANGLADESH,Minerals,0.3199,1,0.3199,32.00%
64,BANGLADESH,Pharmaceutical,0.3201,1,0.3201,32.00%
65,BANGLADESH,Semiconductor,0.3201,1,0.3201,32.00%
66,BANGLADESH,Steel & Aluminum,0.3208,1,0.3208,32.10%
67,BOLIVIA,Aerospace,0.2174,1,0.2174,21.70%
68,BOLIVIA,Agriculture,0.5263,1,0.5263,52.60%
69,BOLIVIA,Automotive,0.262,1,0.262,26.20%
70,BOLIVIA,Energy,0.3861,1,0.3861,38.60%
71,BOLIVIA,Lumber,0.3205,1,0.3205,32.00%
72,BOLIVIA,Maritime,0.2481,1,0.2481,24.80%
73,BOLIVIA,Metals,0.3206,1,0.3206,32.10%
74,BOLIVIA,Minerals,0.3199,1,0.3199,32.00%
75,BOLIVIA,Pharmaceutical,0.3201,1,0.3201,32.00%
76,BOLIVIA,Semiconductor,0.3201,1,0.3201,32.00%
77,BOLIVIA,Steel & Aluminum,0.3208,1,0.3208,32.10%
78,BOSNIA AND HERZEGOVINA,Aerospace,0.2174,1,0.2174,21.70%
79,BOSNIA AND HERZEGOVINA,Agriculture,0.5263,1,0.5263,52.60%
80,BOSNIA AND HERZEGOVINA,Automotive,0.262,1,0.262,26.20%
81,BOSNIA AND HERZEGOVINA,Energy,0.3861,1,0.3861,38.60%
82,BOSNIA AND HERZEGOVINA,Lumber,0.3205,1,0.3205,32.00%
83,BOSNIA AND HERZEGOVINA,Maritime,0.2481,1,0.2481,24.80%
84,BOSNIA AND HERZEGOVINA,Metals,0.3206,1,0.3206,32.10%
85,BOSNIA AND HERZEGOVINA,Minerals,0.3199,1,0.3199,32.00%
86,BOSNIA AND HERZEGOVINA,Pharmaceutical,0.3201,1,0.3201,32.00%
87,BOSNIA AND HERZEGOVINA,Semiconductor,0.3201,1,0.3201,32.00%
88,BOSNIA AND HERZEGOVINA,Steel & Aluminum,0.3208,1,0.3208,32.10%
89,BOTSWANA,Aerospace,0.2174,1,0.2174,21.70%
90,BOTSWANA,Agriculture,0.5263,1,0.5263,52.60%
91,BOTSWANA,Automotive,0.262,1,0.262,26.20%
92,BOTSWANA,Energy,0.3861,1,0.3861,38.60%
93,BOTSWANA,Lumber,0.3205,1,0.3205,32.00%
94,BOTSWANA,Maritime,0.2481,1,0.2481,24.80%
95,BOTSWANA,Metals,0.3206,1,0.3206,32.10%
96,BOTSWANA,Minerals,0.3199,1,0.3199,32.00%
97,BOTSWANA,Pharmaceutical,0.3201,1,0.3201,32.00%
98,BOTSWANA,Semiconductor,0.3201,1,0.3201,32.00%
99,BOTSWANA,Steel & Aluminum,0.3208,1,0.3208,32.10%
100,BRAZIL,Aerospace,0.2174,2,0.4348,43.50%
101,BRAZIL,Agriculture,0.5263,2,0.99,99.00%
102,BRAZIL,Automotive,0.262,2,0.524,52.40%
103,BRAZIL,Energy,0.3861,2,0.7722,77.20%
104,BRAZIL,Lumber,0.3205,2,0.641,64.10%
105,BRAZIL,Maritime,0.2481,2,0.4962,49.60%
106,BRAZIL,Metals,0.3206,2,0.6412,64.10%
107,BRAZIL,Minerals,0.3199,2,0.6398,64.00%
108,BRAZIL,Pharmaceutical,0.3201,2,0.6402,64.00%
109,BRAZIL,Semiconductor,0.3201,2,0.6402,64.00%
110,BRAZIL,Steel & Aluminum,0.3208,2,0.6416,64.20%
111,BRUNEI,Aerospace,0.2174,1,0.2174,21.70%
112,BRUNEI,Agriculture,0.5263,1,0.5263,52.60%
113,BRUNEI,Automotive,0.262,1,0.262,26.20%
114,BRUNEI,Energy,0.3861,1,0.3861,38.60%
115,BRUNEI,Lumber,0.3205,1,0.3205,32.00%
116,BRUNEI,Maritime,0.2481,1,0.2481,24.80%
117,BRUNEI,Metals,0.3206,1,0.3206,32.10%
118,BRUNEI,Minerals,0.3199,1,0.3199,32.00%
119,BRUNEI,Pharmaceutical,0.3201,1,0.3201,32.00%
120,BRUNEI,Semiconductor,0.3201,1,0.3201,32.00%
121,BRUNEI,Steel & Aluminum,0.3208,1,0.3208,32.10%
122,CAMBODIA,Aerospace,0.2174,1,0.2174,21.70%
123,CAMBODIA,Agriculture,0.5263,1,0.5263,52.60%
124,CAMBODIA,Automotive,0.262,1,0.262,26.20%
125,CAMBODIA,Energy,0.3861,1,0.3861,38.60%
126,CAMBODIA,Lumber,0.3205,1,0.3205,32.00%
127,CAMBODIA,Maritime,0.2481,1,0.2481,24.80%
128,CAMBODIA,Metals,0.3206,1,0.3206,32.10%
129,CAMBODIA,Minerals,0.3199,1,0.3199,32.00%
130,CAMBODIA,Pharmaceutical,0.3201,1,0.3201,32.00%
131,CAMBODIA,Semiconductor,0.3201,1,0.3201,32.00%
132,CAMBODIA,Steel & Aluminum,0.3208,1,0.3208,32.10%
133,CAMEROON,Aerospace,0.2174,1,0.2174,21.70%
134,CAMEROON,Agriculture,0.5263,1,0.5263,52.60%
135,CAMEROON,Automotive,0.262,1,0.262,26.20%
136,CAMEROON,Energy,0.3861,1,0.3861,38.60%
137,CAMEROON,Lumber,0.3205,1,0.3205,32.00%
138,CAMEROON,Maritime,0.2481,1,0.2481,24.80%
139,CAMEROON,Metals,0.3206,1,0.3206,32.10%
140,CAMEROON,Minerals,0.3199,1,0.3199,32.00%
141,CAMEROON,Pharmaceutical,0.3201,1,0.3201,32.00%
142,CAMEROON,Semiconductor,0.3201,1,0.3201,32.00%
143,CAMEROON,Steel & Aluminum,0.3208,1,0.3208,32.10%
144,CANADA,Aerospace,0.2174,2,0.4348,43.50%
145,CANADA,Agriculture,0.5263,2,0.99,99.00%
146,CANADA,Automotive,0.262,2,0.524,52.40%
147,CANADA,Energy,0.3861,2,0.7722,77.20%
148,CANADA,Lumber,0.3205,2,0.641,64.10%
149,CANADA,Maritime,0.2481,2,0.4962,49.60%
150,CANADA,Metals,0.3206,2,0.6412,64.10%
151,CANADA,Minerals,0.3199,2,0.6398,64.00%
152,CANADA,Pharmaceutical,0.3201,2,0.6402,64.00%
153,CANADA,Semiconductor,0.3201,2,0.6402,64.00%
154,CANADA,Steel & Aluminum,0.3208,2,0.6416,64.20%
155,CHAD,Aerospace,0.2174,1,0.2174,21.70%
156,CHAD,Agriculture,0.5263,1,0.5263,52.60%
157,CHAD,Automotive,0.262,1,0.262,26.20%
158,CHAD,Energy,0.3861,1,0.3861,38.60%
159,CHAD,Lumber,0.3205,1,0.3205,32.00%
160,CHAD,Maritime,0.2481,1,0.2481,24.80%
161,CHAD,Metals,0.3206,1,0.3206,32.10%
162,CHAD,Minerals,0.3199,1,0.3199,32.00%
163,CHAD,Pharmaceutical,0.3201,1,0.3201,32.00%
164,CHAD,Semiconductor,0.3201,1,0.3201,32.00%
165,CHAD,Steel & Aluminum,0.3208,1,0.3208,32.10%
166,CHINA,Aerospace,0.2174,2,0.4348,43.50%
167,CHINA,Agriculture,0.5263,2,0.99,99.00%
168,CHINA,Automotive,0.262,2,0.524,52.40%
169,CHINA,Energy,0.3861,2,0.7722,77.20%
170,CHINA,Lumber,0.3205,2,0.641,64.10%
171,CHINA,Maritime,0.2481,2,0.4962,49.60%
172,CHINA,Metals,0.3206,2,0.6412,64.10%
173,CHINA,Minerals,0.3199,2,0.6398,64.00%
174,CHINA,Pharmaceutical,0.3201,2,0.6402,64.00%
175,CHINA,Semiconductor,0.3201,2,0.6402,64.00%
176,CHINA,Steel & Aluminum,0.3208,2,0.6416,64.20%
177,COSTA RICA,Aerospace,0.2174,1,0.2174,21.70%
178,COSTA RICA,Agriculture,0.5263,1,0.5263,52.60%
179,COSTA RICA,Automotive,0.262,1,0.262,26.20%
180,COSTA RICA,Energy,0.3861,1,0.3861,38.60%
181,COSTA RICA,Lumber,0.3205,1,0.3205,32.00%
182,COSTA RICA,Maritime,0.2481,1,0.2481,24.80%
183,COSTA RICA,Metals,0.3206,1,0.3206,32.10%
184,COSTA RICA,Minerals,0.3199,1,0.3199,32.00%
185,COSTA RICA,Pharmaceutical,0.3201,1,0.3201,32.00%
186,COSTA RICA,Semiconductor,0.3201,1,0.3201,32.00%
187,COSTA RICA,Steel & Aluminum,0.3208,1,0.3208,32.10%
188,CÔTE D`IVOIRE,Aerospace,0.2174,1,0.2174,21.70%
189,CÔTE D`IVOIRE,Agriculture,0.5263,1,0.5263,52.60%
190,CÔTE D`IVOIRE,Automotive,0.262,1,0.262,26.20%
191,CÔTE D`IVOIRE,Energy,0.3861,1,0.3861,38.60%
192,CÔTE D`IVOIRE,Lumber,0.3205,1,0.3205,32.00%
193,CÔTE D`IVOIRE,Maritime,0.2481,1,0.2481,24.80%
194,CÔTE D`IVOIRE,Metals,0.3206,1,0.3206,32.10%
195,CÔTE D`IVOIRE,Minerals,0.3199,1,0.3199,32.00%
196,CÔTE D`IVOIRE,Pharmaceutical,0.3201,1,0.3201,32.00%
197,CÔTE D`IVOIRE,Semiconductor,0.3201,1,0.3201,32.00%
198,CÔTE D`IVOIRE,Steel & Aluminum,0.3208,1,0.3208,32.10%
199,DEMOCRATIC REPUBLIC OF THE CONGO,Aerospace,0.2174,1,0.2174,21.70%
200,DEMOCRATIC REPUBLIC OF THE CONGO,Agriculture,0.5263,1,0.5263,52.60%
201,DEMOCRATIC REPUBLIC OF THE CONGO,Automotive,0.262,1,0.262,26.20%
202,DEMOCRATIC REPUBLIC OF THE CONGO,Energy,0.3861,1,0.3861,38.60%
203,DEMOCRATIC REPUBLIC OF THE CONGO,Lumber,0.3205,1,0.3205,32.00%
204,DEMOCRATIC REPUBLIC OF THE CONGO,Maritime,0.2481,1,0.2481,24.80%
205,DEMOCRATIC REPUBLIC OF THE CONGO,Metals,0.3206,1,0.3206,32.10%
206,DEMOCRATIC REPUBLIC OF THE CONGO,Minerals,0.3199,1,0.3199,32.00%
207,DEMOCRATIC REPUBLIC OF THE CONGO,Pharmaceutical,0.3201,1,0.3201,32.00%
208,DEMOCRATIC REPUBLIC OF THE CONGO,Semiconductor,0.3201,1,0.3201,32.00%
209,DEMOCRATIC REPUBLIC OF THE CONGO,Steel & Aluminum,0.3208,1,0.3208,32.10%
210,ECUADOR,Aerospace,0.2174,1,0.2174,21.70%
211,ECUADOR,Agriculture,0.5263,1,0.5263,52.60%
212,ECUADOR,Automotive,0.262,1,0.262,26.20%
213,ECUADOR,Energy,0.3861,1,0.3861,38.60%
214,ECUADOR,Lumber,0.3205,1,0.3205,32.00%
215,ECUADOR,Maritime,0.2481,1,0.2481,24.80%
216,ECUADOR,Metals,0.3206,1,0.3206,32.10%
217,ECUADOR,Minerals,0.3199,1,0.3199,32.00%
218,ECUADOR,Pharmaceutical,0.3201,1,0.3201,32.00%
219,ECUADOR,Semiconductor,0.3201,1,0.3201,32.00%
220,ECUADOR,Steel & Aluminum,0.3208,1,0.3208,32.10%
221,EQUATORIAL GUINEA,Aerospace,0.2174,1,0.2174,21.70%
222,EQUATORIAL GUINEA,Agriculture,0.5263,1,0.5263,52.60%
223,EQUATORIAL GUINEA,Automotive,0.262,1,0.262,26.20%
224,EQUATORIAL GUINEA,Energy,0.3861,1,0.3861,38.60%
225,EQUATORIAL GUINEA,Lumber,0.3205,1,0.3205,32.00%
226,EQUATORIAL GUINEA,Maritime,0.2481,1,0.2481,24.80%
227,EQUATORIAL GUINEA,Metals,0.3206,1,0.3206,32.10%
228,EQUATORIAL GUINEA,Minerals,0.3199,1,0.3199,32.00%
229,EQUATORIAL GUINEA,Pharmaceutical,0.3201,1,0.3201,32.00%
230,EQUATORIAL GUINEA,Semiconductor,0.3201,1,0.3201,32.00%
231,EQUATORIAL GUINEA,Steel & Aluminum,0.3208,1,0.3208,32.10%
232,EU,Aerospace,0.2174,1.544,0.335666,33.60%
233,EU,Agriculture,0.5263,1.544,0.812607,81.30%
234,EU,Automotive,0.262,1.544,0.404528,40.50%
235,EU,Energy,0.3861,1.544,0.596138,59.60%
236,EU,Lumber,0.3205,1.544,0.494852,49.50%
237,EU,Maritime,0.2481,1.544,0.383066,38.30%
238,EU,Metals,0.3206,1.544,0.495006,49.50%
239,EU,Minerals,0.3199,1.544,0.493926,49.40%
240,EU,Pharmaceutical,0.3201,1.544,0.494234,49.40%
241,EU,Semiconductor,0.3201,1.544,0.494234,49.40%
242,EU,Steel & Aluminum,0.3208,1.544,0.495315,49.50%
243,FALKLAND ISLANDS,Aerospace,0.2174,1,0.2174,21.70%
244,FALKLAND ISLANDS,Agriculture,0.5263,1,0.5263,52.60%
245,FALKLAND ISLANDS,Automotive,0.262,1,0.262,26.20%
246,FALKLAND ISLANDS,Energy,0.3861,1,0.3861,38.60%
247,FALKLAND ISLANDS,Lumber,0.3205,1,0.3205,32.00%
248,FALKLAND ISLANDS,Maritime,0.2481,1,0.2481,24.80%
249,FALKLAND ISLANDS,Metals,0.3206,1,0.3206,32.10%
250,FALKLAND ISLANDS,Minerals,0.3199,1,0.3199,32.00%
251,FALKLAND ISLANDS,Pharmaceutical,0.3201,1,0.3201,32.00%
252,FALKLAND ISLANDS,Semiconductor,0.3201,1,0.3201,32.00%
253,FALKLAND ISLANDS,Steel & Aluminum,0.3208,1,0.3208,32.10%
254,FIJI,Aerospace,0.2174,1,0.2174,21.70%
255,FIJI,Agriculture,0.5263,1,0.5263,52.60%
256,FIJI,Automotive,0.262,1,0.262,26.20%
257,FIJI,Energy,0.3861,1,0.3861,38.60%
258,FIJI,Lumber,0.3205,1,0.3205,32.00%
259,FIJI,Maritime,0.2481,1,0.2481,24.80%
260,FIJI,Metals,0.3206,1,0.3206,32.10%
261,FIJI,Minerals,0.3199,1,0.3199,32.00%
262,FIJI,Pharmaceutical,0.3201,1,0.3201,32.00%
263,FIJI,Semiconductor,0.3201,1,0.3201,32.00%
264,FIJI,Steel & Aluminum,0.3208,1,0.3208,32.10%
265,GHANA,Aerospace,0.2174,1,0.2174,21.70%
266,GHANA,Agriculture,0.5263,1,0.5263,52.60%
267,GHANA,Automotive,0.262,1,0.262,26.20%
268,GHANA,Energy,0.3861,1,0.3861,38.60%
269,GHANA,Lumber,0.3205,1,0.3205,32.00%
270,GHANA,Maritime,0.2481,1,0.2481,24.80%
271,GHANA,Metals,0.3206,1,0.3206,32.10%
272,GHANA,Minerals,0.3199,1,0.3199,32.00%
273,GHANA,Pharmaceutical,0.3201,1,0.3201,32.00%
274,GHANA,Semiconductor,0.3201,1,0.3201,32.00%
275,GHANA,Steel & Aluminum,0.3208,1,0.3208,32.10%
276,GLOBAL,Aerospace,0.2174,2,0.4348,43.50%
277,GLOBAL,Agriculture,0.5263,2,0.99,99.00%
278,GLOBAL,Automotive,0.262,2,0.524,52.40%
279,GLOBAL,Energy,0.3861,2,0.7722,77.20%
280,GLOBAL,Lumber,0.3205,2,0.641,64.10%
281,GLOBAL,Maritime,0.2481,2,0.4962,49.60%
282,GLOBAL,Metals,0.3206,2,0.6412,64.10%
283,GLOBAL,Minerals,0.3199,2,0.6398,64.00%
284,GLOBAL,Pharmaceutical,0.3201,2,0.6402,64.00%
285,GLOBAL,Semiconductor,0.3201,2,0.6402,64.00%
286,GLOBAL,Steel & Aluminum,0.3208,2,0.6416,64.20%
287,GUYANA,Aerospace,0.2174,1,0.2174,21.70%
288,GUYANA,Agriculture,0.5263,1,0.5263,52.60%
289,GUYANA,Automotive,0.262,1,0.262,26.20%
290,GUYANA,Energy,0.3861,1,0.3861,38.60%
291,GUYANA,Lumber,0.3205,1,0.3205,32.00%
292,GUYANA,Maritime,0.2481,1,0.2481,24.80%
293,GUYANA,Metals,0.3206,1,0.3206,32.10%
294,GUYANA,Minerals,0.3199,1,0.3199,32.00%
295,GUYANA,Pharmaceutical,0.3201,1,0.3201,32.00%
296,GUYANA,Semiconductor,0.3201,1,0.3201,32.00%
297,GUYANA,Steel & Aluminum,0.3208,1,0.3208,32.10%
298,ICELAND,Aerospace,0.2174,1,0.2174,21.70%
299,ICELAND,Agriculture,0.5263,1,0.5263,52.60%
300,ICELAND,Automotive,0.262,1,0.262,26.20%
301,ICELAND,Energy,0.3861,1,0.3861,38.60%
302,ICELAND,Lumber,0.3205,1,0.3205,32.00%
303,ICELAND,Maritime,0.2481,1,0.2481,24.80%
304,ICELAND,Metals,0.3206,1,0.3206,32.10%
305,ICELAND,Minerals,0.3199,1,0.3199,32.00%
306,ICELAND,Pharmaceutical,0.3201,1,0.3201,32.00%
307,ICELAND,Semiconductor,0.3201,1,0.3201,32.00%
308,ICELAND,Steel & Aluminum,0.3208,1,0.3208,32.10%
309,INDIA,Aerospace,0.2174,2,0.4348,43.50%
310,INDIA,Agriculture,0.5263,2,0.99,99.00%
311,INDIA,Automotive,0.262,2,0.524,52.40%
312,INDIA,Energy,0.3861,2,0.7722,77.20%
313,INDIA,Lumber,0.3205,2,0.641,64.10%
314,INDIA,Maritime,0.2481,2,0.4962,49.60%
315,INDIA,Metals,0.3206,2,0.6412,64.10%
316,INDIA,Minerals,0.3199,2,0.6398,64.00%
317,INDIA,Pharmaceutical,0.3201,2,0.6402,64.00%
318,INDIA,Semiconductor,0.3201,2,0.6402,64.00%
319,INDIA,Steel & Aluminum,0.3208,2,0.6416,64.20%
320,INDONESIA,Aerospace,0.2174,1,0.2174,21.70%
321,INDONESIA,Agriculture,0.5263,1,0.5263,52.60%
322,INDONESIA,Automotive,0.262,1,0.262,26.20%
323,INDONESIA,Energy,0.3861,1,0.3861,38.60%
324,INDONESIA,Lumber,0.3205,1,0.3205,32.00%
325,INDONESIA,Maritime,0.2481,1,0.2481,24.80%
326,INDONESIA,Metals,0.3206,1,0.3206,32.10%
327,INDONESIA,Minerals,0.3199,1,0.3199,32.00%
328,INDONESIA,Pharmaceutical,0.3201,1,0.3201,32.00%
329,INDONESIA,Semiconductor,0.3201,1,0.3201,32.00%
330,INDONESIA,Steel & Aluminum,0.3208,1,0.3208,32.10%
331,IRAQ,Aerospace,0.2174,1,0.2174,21.70%
332,IRAQ,Agriculture,0.5263,1,0.5263,52.60%
333,IRAQ,Automotive,0.262,1,0.262,26.20%
334,IRAQ,Energy,0.3861,1,0.3861,38.60%
335,IRAQ,Lumber,0.3205,1,0.3205,32.00%
336,IRAQ,Maritime,0.2481,1,0.2481,24.80%
337,IRAQ,Metals,0.3206,1,0.3206,32.10%
338,IRAQ,Minerals,0.3199,1,0.3199,32.00%
339,IRAQ,Pharmaceutical,0.3201,1,0.3201,32.00%
340,IRAQ,Semiconductor,0.3201,1,0.3201,32.00%
341,IRAQ,Steel & Aluminum,0.3208,1,0.3208,32.10%
342,ISRAEL,Aerospace,0.2174,1,0.2174,21.70%
343,ISRAEL,Agriculture,0.5263,1,0.5263,52.60%
344,ISRAEL,Automotive,0.262,1,0.262,26.20%
345,ISRAEL,Energy,0.3861,1,0.3861,38.60%
346,ISRAEL,Lumber,0.3205,1,0.3205,32.00%
347,ISRAEL,Maritime,0.2481,1,0.2481,24.80%
348,ISRAEL,Metals,0.3206,1,0.3206,32.10%
349,ISRAEL,Minerals,0.3199,1,0.3199,32.00%
350,ISRAEL,Pharmaceutical,0.3201,1,0.3201,32.00%
351,ISRAEL,Semiconductor,0.3201,1,0.3201,32.00%
352,ISRAEL,Steel & Aluminum,0.3208,1,0.3208,32.10%
353,JAPAN,Aerospace,0.2174,1,0.2174,21.70%
354,JAPAN,Agriculture,0.5263,1,0.5263,52.60%
355,JAPAN,Automotive,0.262,1,0.262,26.20%
356,JAPAN,Energy,0.3861,1,0.3861,38.60%
357,JAPAN,Lumber,0.3205,1,0.3205,32.00%
358,JAPAN,Maritime,0.2481,1,0.2481,24.80%
359,JAPAN,Metals,0.3206,1,0.3206,32.10%
360,JAPAN,Minerals,0.3199,1,0.3199,32.00%
361,JAPAN,Pharmaceutical,0.3201,1,0.3201,32.00%
362,JAPAN,Semiconductor,0.3201,1,0.3201,32.00%
363,JAPAN,Steel & Aluminum,0.3208,1,0.3208,32.10%
364,JORDAN,Aerospace,0.2174,1,0.2174,21.70%
365,JORDAN,Agriculture,0.5263,1,0.5263,52.60%
366,JORDAN,Automotive,0.262,1,0.262,26.20%
367,JORDAN,Energy,0.3861,1,0.3861,38.60%
368,JORDAN,Lumber,0.3205,1,0.3205,32.00%
369,JORDAN,Maritime,0.2481,1,0.2481,24.80%
370,JORDAN,Metals,0.3206,1,0.3206,32.10%
371,JORDAN,Minerals,0.3199,1,0.3199,32.00%
372,JORDAN,Pharmaceutical,0.3201,1,0.3201,32.00%
373,JORDAN,Semiconductor,0.3201,1,0.3201,32.00%
374,JORDAN,Steel & Aluminum,0.3208,1,0.3208,32.10%
375,KAZAKHSTAN,Aerospace,0.2174,1,0.2174,21.70%
376,KAZAKHSTAN,Agriculture,0.5263,1,0.5263,52.60%
377,KAZAKHSTAN,Automotive,0.262,1,0.262,26.20%
378,KAZAKHSTAN,Energy,0.3861,1,0.3861,38.60%
379,KAZAKHSTAN,Lumber,0.3205,1,0.3205,32.00%
380,KAZAKHSTAN,Maritime,0.2481,1,0.2481,24.80%
381,KAZAKHSTAN,Metals,0.3206,1,0.3206,32.10%
382,KAZAKHSTAN,Minerals,0.3199,1,0.3199,32.00%
383,KAZAKHSTAN,Pharmaceutical,0.3201,1,0.3201,32.00%
384,KAZAKHSTAN,Semiconductor,0.3201,1,0.3201,32.00%
385,KAZAKHSTAN,Steel & Aluminum,0.3208,1,0.3208,32.10%
386,LAOS,Aerospace,0.2174,1,0.2174,21.70%
387,LAOS,Agriculture,0.5263,1,0.5263,52.60%
388,LAOS,Automotive,0.262,1,0.262,26.20%
389,LAOS,Energy,0.3861,1,0.3861,38.60%
390,LAOS,Lumber,0.3205,1,0.3205,32.00%
391,LAOS,Maritime,0.2481,1,0.2481,24.80%
392,LAOS,Metals,0.3206,1,0.3206,32.10%
393,LAOS,Minerals,0.3199,1,0.3199,32.00%
394,LAOS,Pharmaceutical,0.3201,1,0.3201,32.00%
395,LAOS,Semiconductor,0.3201,1,0.3201,32.00%
396,LAOS,Steel & Aluminum,0.3208,1,0.3208,32.10%
397,LESOTHO,Aerospace,0.2174,1,0.2174,21.70%
398,LESOTHO,Agriculture,0.5263,1,0.5263,52.60%
399,LESOTHO,Automotive,0.262,1,0.262,26.20%
400,LESOTHO,Energy,0.3861,1,0.3861,38.60%
401,LESOTHO,Lumber,0.3205,1,0.3205,32.00%
402,LESOTHO,Maritime,0.2481,1,0.2481,24.80%
403,LESOTHO,Metals,0.3206,1,0.3206,32.10%
404,LESOTHO,Minerals,0.3199,1,0.3199,32.00%
405,LESOTHO,Pharmaceutical,0.3201,1,0.3201,32.00%
406,LESOTHO,Semiconductor,0.3201,1,0.3201,32.00%
407,LESOTHO,Steel & Aluminum,0.3208,1,0.3208,32.10%
408,LIBYA,Aerospace,0.2174,1,0.2174,21.70%
409,LIBYA,Agriculture,0.5263,1,0.5263,52.60%
410,LIBYA,Automotive,0.262,1,0.262,26.20%
411,LIBYA,Energy,0.3861,1,0.3861,38.60%
412,LIBYA,Lumber,0.3205,1,0.3205,32.00%
413,LIBYA,Maritime,0.2481,1,0.2481,24.80%
414,LIBYA,Metals,0.3206,1,0.3206,32.10%
415,LIBYA,Minerals,0.3199,1,0.3199,32.00%
416,LIBYA,Pharmaceutical,0.3201,1,0.3201,32.00%
417,LIBYA,Semiconductor,0.3201,1,0.3201,32.00%
418,LIBYA,Steel & Aluminum,0.3208,1,0.3208,32.10%
419,LIECHTENSTEIN,Aerospace,0.2174,1,0.2174,21.70%
420,LIECHTENSTEIN,Agriculture,0.5263,1,0.5263,52.60%
421,LIECHTENSTEIN,Automotive,0.262,1,0.262,26.20%
422,LIECHTENSTEIN,Energy,0.3861,1,0.3861,38.60%
423,LIECHTENSTEIN,Lumber,0.3205,1,0.3205,32.00%
424,LIECHTENSTEIN,Maritime,0.2481,1,0.2481,24.80%
425,LIECHTENSTEIN,Metals,0.3206,1,0.3206,32.10%
426,LIECHTENSTEIN,Minerals,0.3199,1,0.3199,32.00%
427,LIECHTENSTEIN,Pharmaceutical,0.3201,1,0.3201,32.00%
428,LIECHTENSTEIN,Semiconductor,0.3201,1,0.3201,32.00%
429,LIECHTENSTEIN,Steel & Aluminum,0.3208,1,0.3208,32.10%
430,MADAGASCAR,Aerospace,0.2174,1,0.2174,21.70%
431,MADAGASCAR,Agriculture,0.5263,1,0.5263,52.60%
432,MADAGASCAR,Automotive,0.262,1,0.262,26.20%
433,MADAGASCAR,Energy,0.3861,1,0.3861,38.60%
434,MADAGASCAR,Lumber,0.3205,1,0.3205,32.00%
435,MADAGASCAR,Maritime,0.2481,1,0.2481,24.80%
436,MADAGASCAR,Metals,0.3206,1,0.3206,32.10%
437,MADAGASCAR,Minerals,0.3199,1,0.3199,32.00%
438,MADAGASCAR,Pharmaceutical,0.3201,1,0.3201,32.00%
439,MADAGASCAR,Semiconductor,0.3201,1,0.3201,32.00%
440,MADAGASCAR,Steel & Aluminum,0.3208,1,0.3208,32.10%
441,MALAWI,Aerospace,0.2174,1,0.2174,21.70%
442,MALAWI,Agriculture,0.5263,1,0.5263,52.60%
443,MALAWI,Automotive,0.262,1,0.262,26.20%
444,MALAWI,Energy,0.3861,1,0.3861,38.60%
445,MALAWI,Lumber,0.3205,1,0.3205,32.00%
446,MALAWI,Maritime,0.2481,1,0.2481,24.80%
447,MALAWI,Metals,0.3206,1,0.3206,32.10%
448,MALAWI,Minerals,0.3199,1,0.3199,32.00%
449,MALAWI,Pharmaceutical,0.3201,1,0.3201,32.00%
450,MALAWI,Semiconductor,0.3201,1,0.3201,32.00%
451,MALAWI,Steel & Aluminum,0.3208,1,0.3208,32.10%
452,MALAYSIA,Aerospace,0.2174,1,0.2174,21.70%
453,MALAYSIA,Agriculture,0.5263,1,0.5263,52.60%
454,MALAYSIA,Automotive,0.262,1,0.262,26.20%
455,MALAYSIA,Energy,0.3861,1,0.3861,38.60%
456,MALAYSIA,Lumber,0.3205,1,0.3205,32.00%
457,MALAYSIA,Maritime,0.2481,1,0.2481,24.80%
458,MALAYSIA,Metals,0.3206,1,0.3206,32.10%
459,MALAYSIA,Minerals,0.3199,1,0.3199,32.00%
460,MALAYSIA,Pharmaceutical,0.3201,1,0.3201,32.00%
461,MALAYSIA,Semiconductor,0.3201,1,0.3201,32.00%
462,MALAYSIA,Steel & Aluminum,0.3208,1,0.3208,32.10%
463,MAURITIUS,Aerospace,0.2174,1,0.2174,21.70%
464,MAURITIUS,Agriculture,0.5263,1,0.5263,52.60%
465,MAURITIUS,Automotive,0.262,1,0.262,26.20%
466,MAURITIUS,Energy,0.3861,1,0.3861,38.60%
467,MAURITIUS,Lumber,0.3205,1,0.3205,32.00%
468,MAURITIUS,Maritime,0.2481,1,0.2481,24.80%
469,MAURITIUS,Metals,0.3206,1,0.3206,32.10%
470,MAURITIUS,Minerals,0.3199,1,0.3199,32.00%
471,MAURITIUS,Pharmaceutical,0.3201,1,0.3201,32.00%
472,MAURITIUS,Semiconductor,0.3201,1,0.3201,32.00%
473,MAURITIUS,Steel & Aluminum,0.3208,1,0.3208,32.10%
474,MEXICO,Aerospace,0.2174,2,0.4348,43.50%
475,MEXICO,Agriculture,0.5263,2,0.99,99.00%
476,MEXICO,Automotive,0.262,2,0.524,52.40%
477,MEXICO,Energy,0.3861,2,0.7722,77.20%
478,MEXICO,Lumber,0.3205,2,0.641,64.10%
479,MEXICO,Maritime,0.2481,2,0.4962,49.60%
480,MEXICO,Metals,0.3206,2,0.6412,64.10%
481,MEXICO,Minerals,0.3199,2,0.6398,64.00%
482,MEXICO,Pharmaceutical,0.3201,2,0.6402,64.00%
483,MEXICO,Semiconductor,0.3201,2,0.6402,64.00%
484,MEXICO,Steel & Aluminum,0.3208,2,0.6416,64.20%
485,MOLDOVA,Aerospace,0.2174,1,0.2174,21.70%
486,MOLDOVA,Agriculture,0.5263,1,0.5263,52.60%
487,MOLDOVA,Automotive,0.262,1,0.262,26.20%
488,MOLDOVA,Energy,0.3861,1,0.3861,38.60%
489,MOLDOVA,Lumber,0.3205,1,0.3205,32.00%
490,MOLDOVA,Maritime,0.2481,1,0.2481,24.80%
491,MOLDOVA,Metals,0.3206,1,0.3206,32.10%
492,MOLDOVA,Minerals,0.3199,1,0.3199,32.00%
493,MOLDOVA,Pharmaceutical,0.3201,1,0.3201,32.00%
494,MOLDOVA,Semiconductor,0.3201,1,0.3201,32.00%
495,MOLDOVA,Steel & Aluminum,0.3208,1,0.3208,32.10%
496,MOZAMBIQUE,Aerospace,0.2174,1,0.2174,21.70%
497,MOZAMBIQUE,Agriculture,0.5263,1,0.5263,52.60%
498,MOZAMBIQUE,Automotive,0.262,1,0.262,26.20%
499,MOZAMBIQUE,Energy,0.3861,1,0.3861,38.60%
500,MOZAMBIQUE,Lumber,0.3205,1,0.3205,32.00%
501,MOZAMBIQUE,Maritime,0.2481,1,0.2481,24.80%
502,MOZAMBIQUE,Metals,0.3206,1,0.3206,32.10%
503,MOZAMBIQUE,Minerals,0.3199,1,0.3199,32.00%
504,MOZAMBIQUE,Pharmaceutical,0.3201,1,0.3201,32.00%
505,MOZAMBIQUE,Semiconductor,0.3201,1,0.3201,32.00%
506,MOZAMBIQUE,Steel & Aluminum,0.3208,1,0.3208,32.10%
507,MYANMAR BURMA,Aerospace,0.2174,1,0.2174,21.70%
508,MYANMAR BURMA,Agriculture,0.5263,1,0.5263,52.60%
509,MYANMAR BURMA,Automotive,0.262,1,0.262,26.20%
510,MYANMAR BURMA,Energy,0.3861,1,0.3861,38.60%
511,MYANMAR BURMA,Lumber,0.3205,1,0.3205,32.00%
512,MYANMAR BURMA,Maritime,0.2481,1,0.2481,24.80%
513,MYANMAR BURMA,Metals,0.3206,1,0.3206,32.10%
514,MYANMAR BURMA,Minerals,0.3199,1,0.3199,32.00%
515,MYANMAR BURMA,Pharmaceutical,0.3201,1,0.3201,32.00%
516,MYANMAR BURMA,Semiconductor,0.3201,1,0.3201,32.00%
517,MYANMAR BURMA,Steel & Aluminum,0.3208,1,0.3208,32.10%
518,NAMIBIA,Aerospace,0.2174,1,0.2174,21.70%
519,NAMIBIA,Agriculture,0.5263,1,0.5263,52.60%
520,NAMIBIA,Automotive,0.262,1,0.262,26.20%
521,NAMIBIA,Energy,0.3861,1,0.3861,38.60%
522,NAMIBIA,Lumber,0.3205,1,0.3205,32.00%
523,NAMIBIA,Maritime,0.2481,1,0.2481,24.80%
524,NAMIBIA,Metals,0.3206,1,0.3206,32.10%
525,NAMIBIA,Minerals,0.3199,1,0.3199,32.00%
526,NAMIBIA,Pharmaceutical,0.3201,1,0.3201,32.00%
527,NAMIBIA,Semiconductor,0.3201,1,0.3201,32.00%
528,NAMIBIA,Steel & Aluminum,0.3208,1,0.3208,32.10%
529,NAURU,Aerospace,0.2174,1,0.2174,21.70%
530,NAURU,Agriculture,0.5263,1,0.5263,52.60%
531,NAURU,Automotive,0.262,1,0.262,26.20%
532,NAURU,Energy,0.3861,1,0.3861,38.60%
533,NAURU,Lumber,0.3205,1,0.3205,32.00%
534,NAURU,Maritime,0.2481,1,0.2481,24.80%
535,NAURU,Metals,0.3206,1,0.3206,32.10%
536,NAURU,Minerals,0.3199,1,0.3199,32.00%
537,NAURU,Pharmaceutical,0.3201,1,0.3201,32.00%
538,NAURU,Semiconductor,0.3201,1,0.3201,32.00%
539,NAURU,Steel & Aluminum,0.3208,1,0.3208,32.10%
540,NEW ZEALAND,Aerospace,0.2174,1,0.2174,21.70%
541,NEW ZEALAND,Agriculture,0.5263,1,0.5263,52.60%
542,NEW ZEALAND,Automotive,0.262,1,0.262,26.20%
543,NEW ZEALAND,Energy,0.3861,1,0.3861,38.60%
544,NEW ZEALAND,Lumber,0.3205,1,0.3205,32.00%
545,NEW ZEALAND,Maritime,0.2481,1,0.2481,24.80%
546,NEW ZEALAND,Metals,0.3206,1,0.3206,32.10%
547,NEW ZEALAND,Minerals,0.3199,1,0.3199,32.00%
548,NEW ZEALAND,Pharmaceutical,0.3201,1,0.3201,32.00%
549,NEW ZEALAND,Semiconductor,0.3201,1,0.3201,32.00%
550,NEW ZEALAND,Steel & Aluminum,0.3208,1,0.3208,32.10%
551,NICARAGUA,Aerospace,0.2174,1,0.2174,21.70%
552,NICARAGUA,Agriculture,0.5263,1,0.5263,52.60%
553,NICARAGUA,Automotive,0.262,1,0.262,26.20%
554,NICARAGUA,Energy,0.3861,1,0.3861,38.60%
555,NICARAGUA,Lumber,0.3205,1,0.3205,32.00%
556,NICARAGUA,Maritime,0.2481,1,0.2481,24.80%
557,NICARAGUA,Metals,0.3206,1,0.3206,32.10%
558,NICARAGUA,Minerals,0.3199,1,0.3199,32.00%
559,NICARAGUA,Pharmaceutical,0.3201,1,0.3201,32.00%
560,NICARAGUA,Semiconductor,0.3201,1,0.3201,32.00%
561,NICARAGUA,Steel & Aluminum,0.3208,1,0.3208,32.10%
562,NIGERIA,Aerospace,0.2174,1,0.2174,21.70%
563,NIGERIA,Agriculture,0.5263,1,0.5263,52.60%
564,NIGERIA,Automotive,0.262,1,0.262,26.20%
565,NIGERIA,Energy,0.3861,1,0.3861,38.60%
566,NIGERIA,Lumber,0.3205,1,0.3205,32.00%
567,NIGERIA,Maritime,0.2481,1,0.2481,24.80%
568,NIGERIA,Metals,0.3206,1,0.3206,32.10%
569,NIGERIA,Minerals,0.3199,1,0.3199,32.00%
570,NIGERIA,Pharmaceutical,0.3201,1,0.3201,32.00%
571,NIGERIA,Semiconductor,0.3201,1,0.3201,32.00%
572,NIGERIA,Steel & Aluminum,0.3208,1,0.3208,32.10%
573,NORTH MACEDONIA,Aerospace,0.2174,1,0.2174,21.70%
574,NORTH MACEDONIA,Agriculture,0.5263,1,0.5263,52.60%
575,NORTH MACEDONIA,Automotive,0.262,1,0.262,26.20%
576,NORTH MACEDONIA,Energy,0.3861,1,0.3861,38.60%
577,NORTH MACEDONIA,Lumber,0.3205,1,0.3205,32.00%
578,NORTH MACEDONIA,Maritime,0.2481,1,0.2481,24.80%
579,NORTH MACEDONIA,Metals,0.3206,1,0.3206,32.10%
580,NORTH MACEDONIA,Minerals,0.3199,1,0.3199,32.00%
581,NORTH MACEDONIA,Pharmaceutical,0.3201,1,0.3201,32.00%
582,NORTH MACEDONIA,Semiconductor,0.3201,1,0.3201,32.00%
583,NORTH MACEDONIA,Steel & Aluminum,0.3208,1,0.3208,32.10%
584,NORWAY,Aerospace,0.2174,1,0.2174,21.70%
585,NORWAY,Agriculture,0.5263,1,0.5263,52.60%
586,NORWAY,Automotive,0.262,1,0.262,26.20%
587,NORWAY,Energy,0.3861,1,0.3861,38.60%
588,NORWAY,Lumber,0.3205,1,0.3205,32.00%
589,NORWAY,Maritime,0.2481,1,0.2481,24.80%
590,NORWAY,Metals,0.3206,1,0.3206,32.10%
591,NORWAY,Minerals,0.3199,1,0.3199,32.00%
592,NORWAY,Pharmaceutical,0.3201,1,0.3201,32.00%
593,NORWAY,Semiconductor,0.3201,1,0.3201,32.00%
594,NORWAY,Steel & Aluminum,0.3208,1,0.3208,32.10%
595,PAKISTAN,Aerospace,0.2174,1,0.2174,21.70%
596,PAKISTAN,Agriculture,0.5263,1,0.5263,52.60%
597,PAKISTAN,Automotive,0.262,1,0.262,26.20%
598,PAKISTAN,Energy,0.3861,1,0.3861,38.60%
599,PAKISTAN,Lumber,0.3205,1,0.3205,32.00%
600,PAKISTAN,Maritime,0.2481,1,0.2481,24.80%
601,PAKISTAN,Metals,0.3206,1,0.3206,32.10%
602,PAKISTAN,Minerals,0.3199,1,0.3199,32.00%
603,PAKISTAN,Pharmaceutical,0.3201,1,0.3201,32.00%
604,PAKISTAN,Semiconductor,0.3201,1,0.3201,32.00%
605,PAKISTAN,Steel & Aluminum,0.3208,1,0.3208,32.10%
606,PAPA NEW GUINEA,Aerospace,0.2174,1,0.2174,21.70%
607,PAPA NEW GUINEA,Agriculture,0.5263,1,0.5263,52.60%
608,PAPA NEW GUINEA,Automotive,0.262,1,0.262,26.20%
609,PAPA NEW GUINEA,Energy,0.3861,1,0.3861,38.60%
610,PAPA NEW GUINEA,Lumber,0.3205,1,0.3205,32.00%
611,PAPA NEW GUINEA,Maritime,0.2481,1,0.2481,24.80%
612,PAPA NEW GUINEA,Metals,0.3206,1,0.3206,32.10%
613,PAPA NEW GUINEA,Minerals,0.3199,1,0.3199,32.00%
614,PAPA NEW GUINEA,Pharmaceutical,0.3201,1,0.3201,32.00%
615,PAPA NEW GUINEA,Semiconductor,0.3201,1,0.3201,32.00%
616,PAPA NEW GUINEA,Steel & Aluminum,0.3208,1,0.3208,32.10%
617,PHILIPPINES,Aerospace,0.2174,1,0.2174,21.70%
618,PHILIPPINES,Agriculture,0.5263,1,0.5263,52.60%
619,PHILIPPINES,Automotive,0.262,1,0.262,26.20%
620,PHILIPPINES,Energy,0.3861,1,0.3861,38.60%
621,PHILIPPINES,Lumber,0.3205,1,0.3205,32.00%
622,PHILIPPINES,Maritime,0.2481,1,0.2481,24.80%
623,PHILIPPINES,Metals,0.3206,1,0.3206,32.10%
624,PHILIPPINES,Minerals,0.3199,1,0.3199,32.00%
625,PHILIPPINES,Pharmaceutical,0.3201,1,0.3201,32.00%
626,PHILIPPINES,Semiconductor,0.3201,1,0.3201,32.00%
627,PHILIPPINES,Steel & Aluminum,0.3208,1,0.3208,32.10%
628,RUSSIA,Aerospace,0.2174,1,0.2174,21.70%
629,RUSSIA,Agriculture,0.5263,1,0.5263,52.60%
630,RUSSIA,Automotive,0.262,1,0.262,26.20%
631,RUSSIA,Energy,0.3861,1,0.3861,38.60%
632,RUSSIA,Lumber,0.3205,1,0.3205,32.00%
633,RUSSIA,Maritime,0.2481,1,0.2481,24.80%
634,RUSSIA,Metals,0.3206,1,0.3206,32.10%
635,RUSSIA,Minerals,0.3199,1,0.3199,32.00%
636,RUSSIA,Pharmaceutical,0.3201,1,0.3201,32.00%
637,RUSSIA,Semiconductor,0.3201,1,0.3201,32.00%
638,RUSSIA,Steel & Aluminum,0.3208,1,0.3208,32.10%
639,SAUDI ARABIA,Aerospace,0.2174,1,0.2174,21.70%
640,SAUDI ARABIA,Agriculture,0.5263,1,0.5263,52.60%
641,SAUDI ARABIA,Automotive,0.262,1,0.262,26.20%
642,SAUDI ARABIA,Energy,0.3861,1,0.3861,38.60%
643,SAUDI ARABIA,Lumber,0.3205,1,0.3205,32.00%
644,SAUDI ARABIA,Maritime,0.2481,1,0.2481,24.80%
645,SAUDI ARABIA,Metals,0.3206,1,0.3206,32.10%
646,SAUDI ARABIA,Minerals,0.3199,1,0.3199,32.00%
647,SAUDI ARABIA,Pharmaceutical,0.3201,1,0.3201,32.00%
648,SAUDI ARABIA,Semiconductor,0.3201,1,0.3201,32.00%
649,SAUDI ARABIA,Steel & Aluminum,0.3208,1,0.3208,32.10%
650,SERBIA,Aerospace,0.2174,1,0.2174,21.70%
651,SERBIA,Agriculture,0.5263,1,0.5263,52.60%
652,SERBIA,Automotive,0.262,1,0.262,26.20%
653,SERBIA,Energy,0.3861,1,0.3861,38.60%
654,SERBIA,Lumber,0.3205,1,0.3205,32.00%
655,SERBIA,Maritime,0.2481,1,0.2481,24.80%
656,SERBIA,Metals,0.3206,1,0.3206,32.10%
657,SERBIA,Minerals,0.3199,1,0.3199,32.00%
658,SERBIA,Pharmaceutical,0.3201,1,0.3201,32.00%
659,SERBIA,Semiconductor,0.3201,1,0.3201,32.00%
660,SERBIA,Steel & Aluminum,0.3208,1,0.3208,32.10%
661,SOUTH AFRICA,Aerospace,0.2174,1,0.2174,21.70%
662,SOUTH AFRICA,Agriculture,0.5263,1,0.5263,52.60%
663,SOUTH AFRICA,Automotive,0.262,1,0.262,26.20%
664,SOUTH AFRICA,Energy,0.3861,1,0.3861,38.60%
665,SOUTH AFRICA,Lumber,0.3205,1,0.3205,32.00%
666,SOUTH AFRICA,Maritime,0.2481,1,0.2481,24.80%
667,SOUTH AFRICA,Metals,0.3206,1,0.3206,32.10%
668,SOUTH AFRICA,Minerals,0.3199,1,0.3199,32.00%
669,SOUTH AFRICA,Pharmaceutical,0.3201,1,0.3201,32.00%
670,SOUTH AFRICA,Semiconductor,0.3201,1,0.3201,32.00%
671,SOUTH AFRICA,Steel & Aluminum,0.3208,1,0.3208,32.10%
672,SOUTH KOREA,Aerospace,0.2174,1,0.2174,21.70%
673,SOUTH KOREA,Agriculture,0.5263,1,0.5263,52.60%
674,SOUTH KOREA,Automotive,0.262,1,0.262,26.20%
675,SOUTH KOREA,Energy,0.3861,1,0.3861,38.60%
676,SOUTH KOREA,Lumber,0.3205,1,0.3205,32.00%
677,SOUTH KOREA,Maritime,0.2481,1,0.2481,24.80%
678,SOUTH KOREA,Metals,0.3206,1,0.3206,32.10%
679,SOUTH KOREA,Minerals,0.3199,1,0.3199,32.00%
680,SOUTH KOREA,Pharmaceutical,0.3201,1,0.3201,32.00%
681,SOUTH KOREA,Semiconductor,0.3201,1,0.3201,32.00%
682,SOUTH KOREA,Steel & Aluminum,0.3208,1,0.3208,32.10%
683,SRI LANKA,Aerospace,0.2174,1,0.2174,21.70%
684,SRI LANKA,Agriculture,0.5263,1,0.5263,52.60%
685,SRI LANKA,Automotive,0.262,1,0.262,26.20%
686,SRI LANKA,Energy,0.3861,1,0.3861,38.60%
687,SRI LANKA,Lumber,0.3205,1,0.3205,32.00%
688,SRI LANKA,Maritime,0.2481,1,0.2481,24.80%
689,SRI LANKA,Metals,0.3206,1,0.3206,32.10%
690,SRI LANKA,Minerals,0.3199,1,0.3199,32.00%
691,SRI LANKA,Pharmaceutical,0.3201,1,0.3201,32.00%
692,SRI LANKA,Semiconductor,0.3201,1,0.3201,32.00%
693,SRI LANKA,Steel & Aluminum,0.3208,1,0.3208,32.10%
694,SWITZERLAND,Aerospace,0.2174,1,0.2174,21.70%
695,SWITZERLAND,Agriculture,0.5263,1,0.5263,52.60%
696,SWITZERLAND,Automotive,0.262,1,0.262,26.20%
697,SWITZERLAND,Energy,0.3861,1,0.3861,38.60%
698,SWITZERLAND,Lumber,0.3205,1,0.3205,32.00%
699,SWITZERLAND,Maritime,0.2481,1,0.2481,24.80%
700,SWITZERLAND,Metals,0.3206,1,0.3206,32.10%
701,SWITZERLAND,Minerals,0.3199,1,0.3199,32.00%
702,SWITZERLAND,Pharmaceutical,0.3201,1,0.3201,32.00%
703,SWITZERLAND,Semiconductor,0.3201,1,0.3201,32.00%
704,SWITZERLAND,Steel & Aluminum,0.3208,1,0.3208,32.10%
705,SYRIA,Aerospace,0.2174,1,0.2174,21.70%
706,SYRIA,Agriculture,0.5263,1,0.5263,52.60%
707,SYRIA,Automotive,0.262,1,0.262,26.20%
708,SYRIA,Energy,0.3861,1,0.3861,38.60%
709,SYRIA,Lumber,0.3205,1,0.3205,32.00%
710,SYRIA,Maritime,0.2481,1,0.2481,24.80%
711,SYRIA,Metals,0.3206,1,0.3206,32.10%
712,SYRIA,Minerals,0.3199,1,0.3199,32.00%
713,SYRIA,Pharmaceutical,0.3201,1,0.3201,32.00%
714,SYRIA,Semiconductor,0.3201,1,0.3201,32.00%
715,SYRIA,Steel & Aluminum,0.3208,1,0.3208,32.10%
716,TAIWAN,Aerospace,0.2174,1,0.2174,21.70%
717,TAIWAN,Agriculture,0.5263,1,0.5263,52.60%
718,TAIWAN,Automotive,0.262,1,0.262,26.20%
719,TAIWAN,Energy,0.3861,1,0.3861,38.60%
720,TAIWAN,Lumber,0.3205,1,0.3205,32.00%
721,TAIWAN,Maritime,0.2481,1,0.2481,24.80%
722,TAIWAN,Metals,0.3206,1,0.3206,32.10%
723,TAIWAN,Minerals,0.3199,1,0.3199,32.00%
724,TAIWAN,Pharmaceutical,0.3201,1,0.3201,32.00%
725,TAIWAN,Semiconductor,0.3201,1,0.3201,32.00%
726,TAIWAN,Steel & Aluminum,0.3208,1,0.3208,32.10%
727,THAILAND,Aerospace,0.2174,1,0.2174,21.70%
728,THAILAND,Agriculture,0.5263,1,0.5263,52.60%
729,THAILAND,Automotive,0.262,1,0.262,26.20%
730,THAILAND,Energy,0.3861,1,0.3861,38.60%
731,THAILAND,Lumber,0.3205,1,0.3205,32.00%
732,THAILAND,Maritime,0.2481,1,0.2481,24.80%
733,THAILAND,Metals,0.3206,1,0.3206,32.10%
734,THAILAND,Minerals,0.3199,1,0.3199,32.00%
735,THAILAND,Pharmaceutical,0.3201,1,0.3201,32.00%
736,THAILAND,Semiconductor,0.3201,1,0.3201,32.00%
737,THAILAND,Steel & Aluminum,0.3208,1,0.3208,32.10%
738,TRINIDAD AND TOBAGO,Aerospace,0.2174,1,0.2174,21.70%
739,TRINIDAD AND TOBAGO,Agriculture,0.5263,1,0.5263,52.60%
740,TRINIDAD AND TOBAGO,Automotive,0.262,1,0.262,26.20%
741,TRINIDAD AND TOBAGO,Energy,0.3861,1,0.3861,38.60%
742,TRINIDAD AND TOBAGO,Lumber,0.3205,1,0.3205,32.00%
743,TRINIDAD AND TOBAGO,Maritime,0.2481,1,0.2481,24.80%
744,TRINIDAD AND TOBAGO,Metals,0.3206,1,0.3206,32.10%
745,TRINIDAD AND TOBAGO,Minerals,0.3199,1,0.3199,32.00%
746,TRINIDAD AND TOBAGO,Pharmaceutical,0.3201,1,0.3201,32.00%
747,TRINIDAD AND TOBAGO,Semiconductor,0.3201,1,0.3201,32.00%
748,TRINIDAD AND TOBAGO,Steel & Aluminum,0.3208,1,0.3208,32.10%
749,TUNISIA,Aerospace,0.2174,1,0.2174,21.70%
750,TUNISIA,Agriculture,0.5263,1,0.5263,52.60%
751,TUNISIA,Automotive,0.262,1,0.262,26.20%
752,TUNISIA,Energy,0.3861,1,0.3861,38.60%
753,TUNISIA,Lumber,0.3205,1,0.3205,32.00%
754,TUNISIA,Maritime,0.2481,1,0.2481,24.80%
755,TUNISIA,Metals,0.3206,1,0.3206,32.10%
756,TUNISIA,Minerals,0.3199,1,0.3199,32.00%
757,TUNISIA,Pharmaceutical,0.3201,1,0.3201,32.00%
758,TUNISIA,Semiconductor,0.3201,1,0.3201,32.00%
759,TUNISIA,Steel & Aluminum,0.3208,1,0.3208,32.10%
760,TURKIYE,Aerospace,0.2174,1,0.2174,21.70%
761,TURKIYE,Agriculture,0.5263,1,0.5263,52.60%
762,TURKIYE,Automotive,0.262,1,0.262,26.20%
763,TURKIYE,Energy,0.3861,1,0.3861,38.60%
764,TURKIYE,Lumber,0.3205,1,0.3205,32.00%
765,TURKIYE,Maritime,0.2481,1,0.2481,24.80%
766,TURKIYE,Metals,0.3206,1,0.3206,32.10%
767,TURKIYE,Minerals,0.3199,1,0.3199,32.00%
768,TURKIYE,Pharmaceutical,0.3201,1,0.3201,32.00%
769,TURKIYE,Semiconductor,0.3201,1,0.3201,32.00%
770,TURKIYE,Steel & Aluminum,0.3208,1,0.3208,32.10%
771,UGANDA,Aerospace,0.2174,1,0.2174,21.70%
772,UGANDA,Agriculture,0.5263,1,0.5263,52.60%
773,UGANDA,Automotive,0.262,1,0.262,26.20%
774,UGANDA,Energy,0.3861,1,0.3861,38.60%
775,UGANDA,Lumber,0.3205,1,0.3205,32.00%
776,UGANDA,Maritime,0.2481,1,0.2481,24.80%
777,UGANDA,Metals,0.3206,1,0.3206,32.10%
778,UGANDA,Minerals,0.3199,1,0.3199,32.00%
779,UGANDA,Pharmaceutical,0.3201,1,0.3201,32.00%
780,UGANDA,Semiconductor,0.3201,1,0.3201,32.00%
781,UGANDA,Steel & Aluminum,0.3208,1,0.3208,32.10%
782,UK,Aerospace,0.2174,2,0.4348,43.50%
783,UK,Agriculture,0.5263,2,0.99,99.00%
784,UK,Automotive,0.262,2,0.524,52.40%
785,UK,Energy,0.3861,2,0.7722,77.20%
786,UK,Lumber,0.3205,2,0.641,64.10%
787,UK,Maritime,0.2481,2,0.4962,49.60%
788,UK,Metals,0.3206,2,0.6412,64.10%
789,UK,Minerals,0.3199,2,0.6398,64.00%
790,UK,Pharmaceutical,0.3201,2,0.6402,64.00%
791,UK,Semiconductor,0.3201,2,0.6402,64.00%
792,UK,Steel & Aluminum,0.3208,2,0.6416,64.20%
793,VANUATU,Aerospace,0.2174,1,0.2174,21.70%
794,VANUATU,Agriculture,0.5263,1,0.5263,52.60%
795,VANUATU,Automotive,0.262,1,0.262,26.20%
796,VANUATU,Energy,0.3861,1,0.3861,38.60%
797,VANUATU,Lumber,0.3205,1,0.3205,32.00%
798,VANUATU,Maritime,0.2481,1,0.2481,24.80%
799,VANUATU,Metals,0.3206,1,0.3206,32.10%
800,VANUATU,Minerals,0.3199,1,0.3199,32.00%
801,VANUATU,Pharmaceutical,0.3201,1,0.3201,32.00%
802,VANUATU,Semiconductor,0.3201,1,0.3201,32.00%
803,VANUATU,Steel & Aluminum,0.3208,1,0.3208,32.10%
804,VENEZUELA,Aerospace,0.2174,1,0.2174,21.70%
805,VENEZUELA,Agriculture,0.5263,1,0.5263,52.60%
806,VENEZUELA,Automotive,0.262,1,0.262,26.20%
807,VENEZUELA,Energy,0.3861,1,0.3861,38.60%
808,VENEZUELA,Lumber,0.3205,1,0.3205,32.00%
809,VENEZUELA,Maritime,0.2481,1,0.2481,24.80%
810,VENEZUELA,Metals,0.3206,1,0.3206,32.10%
811,VENEZUELA,Minerals,0.3199,1,0.3199,32.00%
812,VENEZUELA,Pharmaceutical,0.3201,1,0.3201,32.00%
813,VENEZUELA,Semiconductor,0.3201,1,0.3201,32.00%
814,VENEZUELA,Steel & Aluminum,0.3208,1,0.3208,32.10%
815,VIETNAM,Aerospace,0.2174,1,0.2174,21.70%
816,VIETNAM,Agriculture,0.5263,1,0.5263,52.60%
817,VIETNAM,Automotive,0.262,1,0.262,26.20%
818,VIETNAM,Energy,0.3861,1,0.3861,38.60%
819,VIETNAM,Lumber,0.3205,1,0.3205,32.00%
820,VIETNAM,Maritime,0.2481,1,0.2481,24.80%
821,VIETNAM,Metals,0.3206,1,0.3206,32.10%
822,VIETNAM,Minerals,0.3199,1,0.3199,32.00%
823,VIETNAM,Pharmaceutical,0.3201,1,0.3201,32.00%
824,VIETNAM,Semiconductor,0.3201,1,0.3201,32.00%
825,VIETNAM,Steel & Aluminum,0.3208,1,0.3208,32.10%
826,ZAMBIA,Aerospace,0.2174,1,0.2174,21.70%
827,ZAMBIA,Agriculture,0.5263,1,0.5263,52.60%
828,ZAMBIA,Automotive,0.262,1,0.262,26.20%
829,ZAMBIA,Energy,0.3861,1,0.3861,38.60%
830,ZAMBIA,Lumber,0.3205,1,0.3205,32.00%
831,ZAMBIA,Maritime,0.2481,1,0.2481,24.80%
832,ZAMBIA,Metals,0.3206,1,0.3206,32.10%
833,ZAMBIA,Minerals,0.3199,1,0.3199,32.00%
834,ZAMBIA,Pharmaceutical,0.3201,1,0.3201,32.00%
835,ZAMBIA,Semiconductor,0.3201,1,0.3201,32.00%
836,ZAMBIA,Steel & Aluminum,0.3208,1,0.3208,32.10%
837,ZIMBABWE,Aerospace,0.2174,1,0.2174,21.70%
838,ZIMBABWE,Agriculture,0.5263,1,0.5263,52.60%
839,ZIMBABWE,Automotive,0.262,1,0.262,26.20%
840,ZIMBABWE,Energy,0.3861,1,0.3861,38.60%
841,ZIMBABWE,Lumber,0.3205,1,0.3205,32.00%
842,ZIMBABWE,Maritime,0.2481,1,0.2481,24.80%
843,ZIMBABWE,Metals,0.3206,1,0.3206,32.10%
844,ZIMBABWE,Minerals,0.3199,1,0.3199,32.00%
845,ZIMBABWE,Pharmaceutical,0.3201,1,0.3201,32.00%
846,ZIMBABWE,Semiconductor,0.3201,1,0.3201,32.00%
847,ZIMBABWE,Steel & Aluminum,0.3208,1,0.3208,32.10%
